1,htthanh,Ho Tuan Thanh,tuanthanh@gmail,9090090,tuanthanh12,none
2,dbtien,Dinh Ba Tien,batien@gmail,84884,batien12,none
0,1651001,Nguyen Van An,nvan@gmail,9304,nvan,16CTT
0,1651002,Le Hong Ngoc,lhngoc@yahoo,49234,lhngoc,16CTT
0,1651003,Tran Nguyen Thu Ha,thuha@gmail,98944,tntha,16CLC1
0,1651004,Nguyen Thanh Phong,thanhphong@gmail,9878,ntphong,16CLC1
0,1651005,Ho Thuy Truc,tructhuy@gmail,987232,httruc,16CLC2
0,1651006,Tran Van Hoang,hoang@gmail,92434,tvhoang,16CLC2
1,nqviet,Nguyen Quoc Viet, nqviet@apcs.vn, 0908511462,321,none
